date,close,price_signal
2018-03-14,1185.4244384765625,HOLD
2018-03-15,1178.3616943359375,HOLD
2018-03-16,1160.2940673828125,HOLD
2018-03-19,1162.4705810546875,HOLD
2018-03-20,1176.3697509765625,HOLD
2018-03-21,1173.0438232421875,HOLD
2018-03-22,1162.6143798828125,SELL
2018-03-23,1157.1937255859375,SELL
2018-03-26,1156.7216796875,SELL
2018-03-27,1169.3280029296875,SELL
2018-03-28,1169.923095703125,SELL
2018-04-02,1194.76611328125,SELL
2018-04-03,1195.422607421875,SELL
2018-04-04,1195.279052734375,HOLD
2018-04-05,1214.5989990234375,HOLD
2018-04-06,1211.4578857421875,HOLD
2018-04-09,1200.6171875,HOLD
2018-04-10,1206.2427978515625,HOLD
2018-04-11,1237.6761474609375,HOLD
2018-04-12,1289.0445556640625,HOLD
2018-04-13,1294.81396484375,HOLD
2018-04-16,1308.9183349609375,HOLD
2018-04-17,1300.2752685546875,HOLD
2018-04-18,1297.1953125,HOLD
2018-04-19,1310.3558349609375,HOLD
2018-04-20,1397.1202392578125,BUY
2018-04-23,1399.666259765625,BUY
2018-04-24,1390.2216796875,BUY
2018-04-25,1424.9603271484375,BUY
2018-04-26,1453.2935791015625,BUY
2018-04-27,1417.44580078125,BUY
2018-04-30,1450.3572998046875,BUY
2018-05-02,1437.0738525390625,BUY
2018-05-03,1429.7237548828125,BUY
2018-05-04,1429.27197265625,BUY
2018-05-07,1404.71630859375,BUY
2018-05-08,1413.031982421875,BUY
2018-05-09,1432.7828369140625,BUY
2018-05-10,1417.15869140625,BUY
2018-05-11,1419.4990234375,BUY
2018-05-14,1409.8905029296875,BUY
2018-05-15,1429.9495849609375,BUY
2018-05-16,1434.6717529296875,BUY
2018-05-17,1433.8092041015625,BUY
2018-05-18,1438.0185546875,BUY
2018-05-21,1460.479248046875,BUY
2018-05-22,1440.8310546875,BUY
2018-05-23,1435.1644287109375,BUY
2018-05-24,1479.7579345703125,BUY
2018-05-25,1472.407958984375,BUY
2018-05-28,1438.0185546875,BUY
2018-05-29,1446.826416015625,BUY
2018-05-30,1442.96630859375,BUY
2018-05-31,1441.724365234375,BUY
2018-06-01,1434.6026611328125,HOLD
2018-06-04,1444.373779296875,BUY
2018-06-05,1425.618408203125,HOLD
2018-06-06,1429.054443359375,HOLD
2018-06-07,1437.16943359375,HOLD
2018-06-08,1446.73388671875,BUY
2018-06-11,1448.886962890625,BUY
2018-06-12,1474.8055419921875,BUY
2018-06-13,1510.495849609375,BUY
2018-06-14,1480.229736328125,BUY
2018-06-15,1523.7039794921875,BUY
2018-06-18,1514.553466796875,BUY
2018-06-19,1510.8270263671875,BUY
2018-06-20,1509.1295166015625,BUY
2018-06-21,1506.5623779296875,BUY
2018-06-22,1498.654541015625,BUY
2018-06-25,1506.4796142578125,BUY
2018-06-26,1533.59912109375,BUY
2018-06-27,1538.5677490234375,BUY
2018-06-28,1525.898193359375,BUY
2018-06-29,1530.080078125,BUY
2018-07-02,1533.060791015625,BUY
2018-07-03,1551.8582763671875,BUY
2018-07-04,1545.31640625,BUY
2018-07-05,1557.0340576171875,BUY
2018-07-06,1584.070556640625,BUY
2018-07-09,1559.269775390625,BUY
2018-07-10,1552.727783203125,BUY
2018-07-11,1639.5103759765625,BUY
2018-07-12,1632.430419921875,BUY
2018-07-13,1640.504150390625,BUY
2018-07-16,1647.2113037109375,BUY
2018-07-17,1661.2757568359375,BUY
2018-07-18,1659.6990966796875,BUY
2018-07-19,1644.0579833984375,BUY
2018-07-20,1656.6707763671875,BUY
2018-07-23,1664.1800537109375,BUY
2018-07-24,1658.6617431640625,BUY
2018-07-25,1644.14111328125,BUY
2018-07-26,1630.2015380859375,BUY
2018-07-27,1612.818603515625,HOLD
2018-07-30,1613.5238037109375,HOLD
2018-07-31,1609.8726806640625,HOLD
2018-08-01,1639.99267578125,BUY
2018-08-02,1616.676513671875,HOLD
2018-08-03,1642.4405517578125,BUY
2018-08-06,1639.204345703125,BUY
2018-08-07,1632.4007568359375,HOLD
2018-08-08,1637.918212890625,HOLD
2018-08-09,1638.2088623046875,HOLD
2018-08-10,1653.7662353515625,BUY
2018-08-13,1659.616455078125,BUY
2018-08-14,1662.437255859375,BUY
2018-08-16,1666.5445556640625,BUY
2018-08-17,1670.0711669921875,BUY
2018-08-20,1667.7476806640625,BUY
2018-08-21,1674.136962890625,BUY
2018-08-23,1688.61572265625,BUY
2018-08-24,1695.1708984375,BUY
2018-08-27,1701.7255859375,BUY
2018-08-28,1716.91015625,BUY
2018-08-29,1719.2333984375,BUY
2018-08-30,1727.8621826171875,BUY
2018-08-31,1724.5435791015625,BUY
2018-09-03,1703.3851318359375,BUY
2018-09-04,1741.5535888671875,BUY
2018-09-05,1725.248779296875,BUY
2018-09-06,1721.9718017578125,BUY
2018-09-07,1725.746826171875,BUY
2018-09-10,1726.4937744140625,BUY
2018-09-11,1697.8670654296875,HOLD
2018-09-12,1695.9588623046875,HOLD
2018-09-14,1713.7572021484375,BUY
2018-09-17,1721.0177001953125,BUY
2018-09-18,1718.196533203125,BUY
2018-09-19,1724.1285400390625,BUY
2018-09-21,1745.0802001953125,BUY
2018-09-24,1824.1549072265625,BUY
2018-09-25,1811.5010986328125,BUY
2018-09-26,1777.440185546875,BUY
2018-09-27,1816.189208984375,BUY
2018-09-28,1811.915771484375,BUY
2018-10-01,1871.5330810546875,BUY
2018-10-03,1794.6163330078125,BUY
2018-10-04,1713.25927734375,HOLD
2018-10-05,1744.6650390625,HOLD
2018-10-08,1723.8387451171875,HOLD
2018-10-09,1735.662353515625,HOLD
2018-10-10,1695.668701171875,HOLD
2018-10-11,1642.8553466796875,HOLD
2018-10-12,1591.70166015625,HOLD
2018-10-15,1617.58935546875,HOLD
2018-10-16,1628.21044921875,HOLD
2018-10-17,1600.91162109375,HOLD
2018-10-19,1587.4700927734375,HOLD
2018-10-22,1579.0062255859375,HOLD
2018-10-23,1532.9832763671875,HOLD
2018-10-24,1537.01611328125,SELL
2018-10-25,1540.757568359375,SELL
2018-10-26,1495.940185546875,SELL
2018-10-29,1555.7244873046875,SELL
2018-10-30,1575.5140380859375,SELL
2018-10-31,1611.559814453125,SELL
2018-11-01,1609.564208984375,SELL
2018-11-02,1591.021484375,SELL
2018-11-05,1572.2298583984375,SELL
2018-11-06,1607.0274658203125,HOLD
2018-11-07,1614.8853759765625,HOLD
2018-11-09,1587.4874267578125,HOLD
2018-11-12,1592.185302734375,HOLD
2018-11-13,1608.8985595703125,HOLD
2018-11-14,1563.74853515625,SELL
2018-11-15,1557.2628173828125,SELL
2018-11-16,1568.69580078125,SELL
2018-11-19,1581.8751220703125,HOLD
2018-11-20,1561.7529296875,SELL
2018-11-21,1506.6663818359375,SELL
2018-11-22,1507.1240234375,SELL
2018-11-26,1535.0205078125,SELL
2018-11-27,1571.730712890625,SELL
2018-11-28,1649.60009765625,HOLD
2018-11-29,1630.1849365234375,HOLD
2018-11-30,1636.5875244140625,HOLD
2018-12-03,1648.35302734375,HOLD
2018-12-04,1672.008544921875,HOLD
2018-12-05,1668.5994873046875,HOLD
2018-12-06,1656.9171142578125,HOLD
2018-12-07,1658.99609375,HOLD
2018-12-10,1642.865234375,HOLD
2018-12-11,1662.9871826171875,HOLD
2018-12-12,1676.9560546875,HOLD
2018-12-13,1648.5194091796875,HOLD
2018-12-14,1654.464111328125,BUY
2018-12-17,1658.247802734375,BUY
2018-12-18,1652.8843994140625,BUY
2018-12-19,1636.7535400390625,BUY
2018-12-20,1624.77978515625,HOLD
2018-12-21,1576.345703125,HOLD
2018-12-24,1595.2208251953125,HOLD
2018-12-26,1570.8575439453125,HOLD
2018-12-27,1587.2799072265625,HOLD
2018-12-28,1576.55322265625,HOLD
2018-12-31,1574.0592041015625,HOLD
2019-01-01,1582.1661376953125,HOLD
2019-01-02,1599.211669921875,HOLD
2019-01-03,1579.79638671875,HOLD
2019-01-04,1560.5888671875,HOLD
2019-01-07,1578.0919189453125,HOLD
2019-01-08,1574.474853515625,HOLD
2019-01-09,1568.9871826171875,HOLD
2019-01-10,1570.3175048828125,SELL
2019-01-11,1532.068603515625,SELL
2019-01-14,1507.70556640625,SELL
2019-01-15,1553.0638427734375,SELL
2019-01-16,1555.017822265625,SELL
2019-01-17,1578.474609375,HOLD
2019-01-18,1583.7659912109375,HOLD
2019-01-21,1590.473388671875,HOLD
2019-01-22,1584.8074951171875,HOLD
2019-01-23,1562.892333984375,SELL
2019-01-24,1584.5159912109375,HOLD
2019-01-25,1600.5562744140625,HOLD
2019-01-28,1629.054443359375,HOLD
2019-01-29,1652.177978515625,HOLD
2019-01-30,1651.0528564453125,HOLD
2019-01-31,1678.3009033203125,HOLD
2019-02-01,1691.5084228515625,HOLD
2019-02-04,1708.4237060546875,HOLD
2019-02-05,1703.6744384765625,HOLD
2019-02-06,1728.8807373046875,HOLD
2019-02-07,1735.6304931640625,BUY
2019-02-08,1717.71484375,BUY
2019-02-11,1721.464599609375,BUY
2019-02-12,1709.5487060546875,BUY
2019-02-14,1703.716064453125,BUY
2019-02-15,1691.2998046875,BUY
2019-02-18,1641.8038330078125,HOLD
2019-02-19,1587.22412109375,HOLD
2019-02-20,1595.51513671875,HOLD
2019-02-21,1595.0567626953125,HOLD
2019-02-22,1604.59814453125,HOLD
2019-02-25,1654.1776123046875,HOLD
2019-02-26,1698.7996826171875,BUY
2019-02-27,1714.96533203125,BUY
2019-02-28,1652.7611083984375,HOLD
2019-03-01,1662.718505859375,HOLD
2019-03-05,1656.635498046875,HOLD
2019-03-06,1666.2186279296875,HOLD
2019-03-07,1677.63427734375,BUY
2019-03-08,1685.4671630859375,BUY
2019-03-11,1678.88427734375,BUY
2019-03-12,1676.9259033203125,BUY
2019-03-13,1666.968017578125,BUY
2019-03-14,1656.052490234375,HOLD
2019-03-15,1699.8411865234375,BUY
2019-03-18,1685.5504150390625,BUY
2019-03-19,1685.5504150390625,BUY
2019-03-20,1679.0926513671875,BUY
2019-03-22,1671.259765625,BUY
2019-03-25,1653.427490234375,HOLD
2019-03-26,1652.0947265625,HOLD
2019-03-27,1639.8035888671875,HOLD
2019-03-28,1666.8017578125,HOLD
2019-04-01,1692.9251708984375,BUY
2019-04-02,1732.6302490234375,BUY
2019-04-03,1732.6302490234375,BUY
2019-04-04,1678.6343994140625,HOLD
2019-04-05,1706.7994384765625,BUY
2019-04-08,1725.506103515625,BUY
2019-04-09,1742.79638671875,BUY
2019-04-10,1700.0911865234375,BUY
2019-04-11,1682.80029296875,HOLD
2019-04-12,1678.6343994140625,HOLD
2019-04-15,1760.9617919921875,BUY
2019-04-16,1776.3778076171875,BUY
2019-04-18,1791.5848388671875,BUY
2019-04-22,1801.0841064453125,BUY
2019-04-23,1795.7508544921875,BUY
2019-04-24,1819.416259765625,BUY
2019-04-25,1829.040283203125,BUY
2019-04-26,1865.3297119140625,BUY
2019-04-30,1883.49560546875,BUY
2019-05-02,1846.038818359375,BUY
2019-05-03,1776.5440673828125,BUY
2019-05-06,1798.08447265625,BUY
2019-05-07,1793.1680908203125,BUY
2019-05-08,1793.918212890625,BUY
2019-05-09,1810.3333740234375,BUY
2019-05-10,1779.710693359375,HOLD
2019-05-13,1773.8358154296875,HOLD
2019-05-14,1743.5050048828125,HOLD
2019-05-15,1746.046142578125,HOLD
2019-05-16,1757.17041015625,HOLD
2019-05-17,1746.087890625,HOLD
2019-05-20,1786.5018310546875,HOLD
2019-05-21,1758.0037841796875,HOLD
2019-05-22,1734.671630859375,HOLD
2019-05-23,1711.590576171875,HOLD
2019-05-24,1706.5491943359375,HOLD
2019-05-27,1712.5069580078125,HOLD
2019-05-28,1728.005859375,HOLD
2019-05-29,1756.170654296875,HOLD
2019-05-30,1788.45947265625,BUY
2019-05-31,1830.3321533203125,BUY
2019-06-03,1868.45458984375,BUY
2019-06-04,1833.84619140625,BUY
2019-06-06,1819.5655517578125,BUY
2019-06-07,1832.7117919921875,BUY
2019-06-10,1874.502685546875,BUY
2019-06-11,1892.3953857421875,BUY
2019-06-12,1899.19921875,BUY
2019-06-13,1893.4871826171875,BUY
2019-06-14,1893.822998046875,BUY
2019-06-17,1889.3712158203125,BUY
2019-06-18,1890.7576904296875,BUY
2019-06-19,1898.35888671875,BUY
2019-06-20,1913.521484375,BUY
2019-06-21,1889.9168701171875,BUY
2019-06-24,1911.46337890625,BUY
2019-06-25,1904.9952392578125,BUY
2019-06-26,1893.5706787109375,BUY
2019-06-27,1892.18505859375,BUY
2019-06-28,1870.89111328125,HOLD
2019-07-01,1881.2646484375,HOLD
2019-07-02,1891.80712890625,BUY
2019-07-03,1879.668701171875,HOLD
2019-07-04,1883.868896484375,HOLD
2019-07-05,1817.045166015625,HOLD
2019-07-08,1827.3775634765625,HOLD
2019-07-09,1792.054931640625,HOLD
2019-07-10,1770.928466796875,HOLD
2019-07-11,1766.18212890625,HOLD
2019-07-12,1770.424072265625,HOLD
2019-07-15,1802.4290771484375,HOLD
2019-07-16,1773.2122802734375,HOLD
2019-07-17,1782.684814453125,HOLD
2019-07-18,1739.490478515625,HOLD
2019-07-19,1748.7530517578125,HOLD
2019-07-22,1776.495849609375,HOLD
2019-07-23,1778.64306640625,SELL
2019-07-24,1765.4659423828125,SELL
2019-07-25,1791.6517333984375,SELL
2019-07-26,1775.780517578125,SELL
2019-07-29,1793.41943359375,SELL
2019-07-30,1834.802978515625,HOLD
2019-07-31,1857.1578369140625,HOLD
2019-08-01,1835.5609130859375,HOLD
2019-08-02,1856.8211669921875,HOLD
2019-08-05,1893.2784423828125,HOLD
2019-08-06,1864.90380859375,HOLD
2019-08-07,1863.68359375,HOLD
2019-08-08,1901.277099609375,HOLD
2019-08-09,1891.2999267578125,HOLD
2019-08-13,1851.894775390625,HOLD
2019-08-14,1856.0628662109375,HOLD
2019-08-16,1822.9735107421875,SELL
2019-08-19,1821.20556640625,SELL
2019-08-20,1841.2022705078125,HOLD
2019-08-21,1840.7393798828125,HOLD
2019-08-22,1865.830078125,HOLD
2019-08-23,1892.521240234375,BUY
2019-08-26,1916.6014404296875,BUY
2019-08-27,1883.0908203125,BUY
2019-08-28,1885.4066162109375,BUY
2019-08-29,1880.5224609375,BUY
2019-08-30,1902.540771484375,BUY
2019-09-03,1895.804443359375,BUY
2019-09-04,1890.583984375,BUY
2019-09-05,1865.2408447265625,HOLD
2019-09-06,1850.2535400390625,HOLD
2019-09-09,1837.917724609375,HOLD
2019-09-11,1813.627685546875,HOLD
2019-09-12,1796.451171875,HOLD
2019-09-13,1803.4813232421875,HOLD
2019-09-16,1810.2593994140625,HOLD
2019-09-17,1787.2313232421875,HOLD
2019-09-18,1800.619140625,HOLD
2019-09-19,1769.8023681640625,HOLD
2019-09-20,1739.0699462890625,HOLD
2019-09-23,1697.2655029296875,HOLD
2019-09-24,1721.5987548828125,HOLD
2019-09-25,1758.435302734375,SELL
2019-09-26,1757.7200927734375,SELL
2019-09-27,1731.2391357421875,SELL
2019-09-30,1767.5711669921875,SELL
2019-10-01,1734.439208984375,SELL
2019-10-03,1734.6912841796875,SELL
2019-10-04,1750.7738037109375,SELL
2019-10-07,1724.12451171875,SELL
2019-10-09,1700.8861083984375,SELL
2019-10-10,1687.7088623046875,SELL
2019-10-11,1672.89013671875,SELL
2019-10-14,1701.6435546875,SELL
2019-10-15,1715.3680419921875,SELL
2019-10-16,1723.0301513671875,SELL
2019-10-17,1748.47021484375,HOLD
2019-10-18,1771.1983642578125,HOLD
2019-10-22,1766.0760498046875,HOLD
2019-10-23,1782.174560546875,HOLD
2019-10-24,1792.419921875,HOLD
2019-10-25,1829.3958740234375,HOLD
2019-10-27,1821.4322509765625,HOLD
2019-10-29,1889.573974609375,HOLD
2019-10-30,1939.4638671875,HOLD
2019-10-31,1953.97021484375,HOLD
2019-11-01,1894.78271484375,HOLD
2019-11-04,1888.798583984375,HOLD
2019-11-05,1895.60009765625,HOLD
2019-11-06,1884.1070556640625,HOLD
2019-11-07,1881.395263671875,BUY
2019-11-08,1833.70068359375,BUY
2019-11-11,1808.7337646484375,HOLD
2019-11-13,1875.583984375,BUY
2019-11-14,1891.2528076171875,BUY
2019-11-15,1872.0113525390625,BUY
2019-11-18,1853.200439453125,HOLD
2019-11-19,1815.492431640625,HOLD
2019-11-20,1815.2769775390625,HOLD
2019-11-21,1823.4989013671875,HOLD
2019-11-22,1783.55224609375,HOLD
2019-11-25,1791.9892578125,HOLD
2019-11-26,1761.9864501953125,HOLD
2019-11-27,1768.572509765625,HOLD
2019-11-28,1788.416748046875,HOLD
2019-11-29,1767.6685791015625,HOLD
2019-12-02,1739.9473876953125,HOLD
2019-12-03,1765.7315673828125,HOLD
2019-12-04,1789.4066162109375,HOLD
2019-12-05,1826.253662109375,BUY
2019-12-06,1828.2337646484375,BUY
2019-12-09,1773.8673095703125,HOLD
2019-12-10,1732.8875732421875,HOLD
2019-12-11,1757.897216796875,HOLD
2019-12-12,1739.8179931640625,SELL
2019-12-13,1783.1649169921875,SELL
2019-12-16,1830.9453125,HOLD
2019-12-17,1863.8326416015625,HOLD
2019-12-18,1866.242919921875,HOLD
2019-12-19,1919.0177001953125,HOLD
2019-12-20,1913.7222900390625,HOLD
2019-12-23,1921.2982177734375,HOLD
2019-12-24,1907.4378662109375,HOLD
2019-12-26,1895.6854248046875,HOLD
2019-12-27,1892.7158203125,HOLD
2019-12-30,1879.544189453125,HOLD
2019-12-31,1861.034423828125,BUY
2020-01-01,1866.11376953125,BUY
2020-01-02,1857.5477294921875,BUY
2020-01-03,1894.5673828125,BUY
2020-01-06,1894.3941650390625,BUY
2020-01-07,1899.043701171875,BUY
2020-01-08,1941.572265625,BUY
2020-01-09,1906.361328125,BUY
2020-01-10,1905.6729736328125,BUY
2020-01-13,1885.6995849609375,HOLD
2020-01-14,1899.94775390625,BUY
2020-01-15,1917.1661376953125,BUY
2020-01-16,1927.4111328125,BUY
2020-01-17,1910.450927734375,BUY
2020-01-20,1868.48193359375,HOLD
2020-01-21,1869.083984375,HOLD
2020-01-22,1899.94775390625,BUY
2020-01-23,1890.498779296875,HOLD
2020-01-24,1883.9842529296875,HOLD
2020-01-27,1871.7755126953125,HOLD
2020-01-28,1884.2867431640625,HOLD
2020-01-29,1859.134521484375,HOLD
2020-01-30,1844.6807861328125,HOLD
2020-01-31,1793.9444580078125,HOLD
2020-02-03,1814.1787109375,HOLD
2020-02-04,1818.7091064453125,HOLD
2020-02-05,1852.187744140625,HOLD
2020-02-06,1836.484130859375,HOLD
2020-02-07,1843.5592041015625,HOLD
2020-02-10,1865.4757080078125,HOLD
2020-02-11,1858.098876953125,HOLD
2020-02-12,1873.0692138671875,BUY
2020-02-13,1891.3623046875,HOLD
2020-02-14,1884.6748046875,HOLD
2020-02-17,1901.11279296875,HOLD
2020-02-18,1911.898193359375,HOLD
2020-02-19,1895.15869140625,HOLD
2020-02-20,1861.032958984375,SELL
2020-02-24,1825.266357421875,SELL
2020-02-25,1860.4718017578125,HOLD
2020-02-26,1832.3851318359375,SELL
2020-02-27,1816.76708984375,SELL
2020-02-28,1725.8642578125,SELL
2020-03-02,1726.8563232421875,SELL
2020-03-03,1756.9705810546875,SELL
2020-03-04,1797.525146484375,SELL
2020-03-05,1833.636474609375,SELL
2020-03-06,1826.2156982421875,SELL
2020-03-09,1701.87646484375,SELL
2020-03-11,1685.7840576171875,SELL
2020-03-12,1527.1456298828125,SELL
2020-03-13,1558.597412109375,SELL
2020-03-16,1463.7681884765625,SELL
2020-03-17,1430.6341552734375,SELL
2020-03-18,1427.5277099609375,SELL
2020-03-19,1422.2696533203125,SELL
2020-03-20,1562.2930908203125,SELL
2020-03-23,1451.256103515625,SELL
2020-03-24,1480.329833984375,SELL
2020-03-25,1521.3114013671875,SELL
2020-03-26,1556.643310546875,SELL
2020-03-27,1585.8043212890625,SELL
2020-03-30,1545.8218994140625,SELL
2020-03-31,1587.1949462890625,HOLD
2020-04-01,1485.197509765625,SELL
2020-04-03,1437.7840576171875,SELL
2020-04-07,1542.9537353515625,HOLD
2020-04-08,1482.3294677734375,SELL
2020-04-09,1535.087890625,HOLD
2020-04-13,1529.0906982421875,HOLD
2020-04-15,1508.1434326171875,HOLD
2020-04-16,1491.542236328125,SELL
2020-04-17,1569.898193359375,HOLD
2020-04-20,1580.719482421875,HOLD
2020-04-21,1510.3165283203125,SELL
2020-04-22,1537.99951171875,HOLD
2020-04-23,1632.5220947265625,HOLD
2020-04-24,1580.632568359375,HOLD
2020-04-27,1596.32080078125,HOLD
2020-04-28,1615.833984375,HOLD
2020-04-29,1656.33740234375,HOLD
2020-04-30,1750.9033203125,HOLD
2020-05-04,1677.89306640625,HOLD
2020-05-05,1679.8919677734375,HOLD
2020-05-06,1654.5556640625,HOLD
2020-05-07,1644.1685791015625,HOLD
2020-05-08,1645.6898193359375,HOLD
2020-05-11,1682.1082763671875,HOLD
2020-05-12,1694.450439453125,BUY
2020-05-13,1694.580810546875,BUY
2020-05-14,1653.4688720703125,BUY
2020-05-15,1645.2552490234375,BUY
2020-05-18,1691.060791015625,BUY
2020-05-19,1693.7117919921875,BUY
2020-05-20,1698.0142822265625,BUY
2020-05-21,1730.6951904296875,BUY
2020-05-22,1756.031005859375,BUY
2020-05-26,1688.8006591796875,BUY
2020-05-27,1742.950439453125,BUY
2020-05-28,1742.0809326171875,BUY
2020-05-29,1714.3109130859375,BUY
2020-06-01,1777.6737060546875,BUY
2020-06-02,1779.3251953125,BUY
2020-06-03,1783.6837158203125,BUY
2020-06-04,1823.2601318359375,BUY
2020-06-05,1785.5142822265625,BUY
2020-06-08,1806.0,BUY
2020-06-09,1806.26171875,BUY
2020-06-10,1838.25390625,BUY
2020-06-11,1802.425537109375,BUY
2020-06-12,1777.886962890625,BUY
2020-06-15,1769.5181884765625,BUY
2020-06-16,1783.37890625,BUY
2020-06-17,1785.122314453125,BUY
2020-06-18,1776.6658935546875,BUY
2020-06-19,1782.3328857421875,BUY
2020-06-22,1767.8182373046875,HOLD
2020-06-23,1774.2255859375,HOLD
2020-06-24,1780.2406005859375,HOLD
2020-06-25,1757.4881591796875,HOLD
2020-06-26,1847.05810546875,BUY
2020-06-29,1832.0648193359375,BUY
2020-06-30,1815.06591796875,BUY
2020-07-01,1823.696044921875,BUY
2020-07-02,1880.4451904296875,BUY
2020-07-03,1917.49365234375,BUY
2020-07-06,1972.8922119140625,BUY
2020-07-07,1978.732177734375,BUY
2020-07-08,1934.274169921875,BUY
2020-07-09,1921.5909423828125,BUY
2020-07-10,1937.28271484375,BUY
2020-07-13,1935.2333984375,BUY
2020-07-14,1893.3468017578125,BUY
2020-07-15,1947.3505859375,BUY
2020-07-16,1952.461181640625,BUY
2020-07-17,1922.7567138671875,BUY
2020-07-20,1929.0029296875,BUY
2020-07-21,1943.98681640625,BUY
2020-07-22,1914.1937255859375,BUY
2020-07-23,1896.93896484375,HOLD
2020-07-24,1884.882080078125,HOLD
2020-07-27,1928.0421142578125,BUY
2020-07-28,2017.988037109375,BUY
2020-07-29,1988.5447998046875,BUY
2020-07-30,1991.5589599609375,BUY
2020-07-31,1993.218994140625,BUY
2020-08-03,1969.410888671875,BUY
2020-08-04,1965.5233154296875,BUY
2020-08-05,1974.0848388671875,BUY
2020-08-06,2016.546142578125,BUY
2020-08-07,2005.406494140625,BUY
2020-08-10,1994.4417724609375,BUY
2020-08-11,1991.9085693359375,BUY
2020-08-12,1972.20654296875,BUY
2020-08-13,1969.6728515625,BUY
2020-08-14,1958.926513671875,HOLD
2020-08-17,1968.75537109375,BUY
2020-08-18,1983.040771484375,BUY
2020-08-19,1971.551513671875,HOLD
2020-08-20,1968.2752685546875,HOLD
2020-08-21,1964.5618896484375,HOLD
2020-08-24,1964.125,HOLD
2020-08-25,1959.36376953125,HOLD
2020-08-26,1968.8427734375,HOLD
2020-08-27,1964.38720703125,HOLD
2020-08-28,1955.7816162109375,HOLD
2020-08-31,1972.1192626953125,HOLD
2020-09-01,1962.5960693359375,HOLD
2020-09-02,1979.021728515625,BUY
2020-09-03,2009.03271484375,BUY
2020-09-04,1999.6842041015625,BUY
2020-09-07,2033.1026611328125,BUY
2020-09-08,2051.58056640625,BUY
2020-09-09,2033.625732421875,BUY
2020-09-10,2036.6839599609375,BUY
2020-09-11,2074.208984375,BUY
2020-09-14,2176.69140625,BUY
2020-09-15,2176.69140625,BUY
2020-09-16,2186.82666015625,BUY
2020-09-17,2150.088623046875,BUY
2020-09-18,2140.433837890625,BUY
2020-09-21,2153.888916015625,BUY
2020-09-22,2204.2568359375,BUY
2020-09-23,2155.76708984375,BUY
2020-09-24,2037.6456298828125,HOLD
2020-09-25,2116.320556640625,BUY
2020-09-28,2119.815185546875,BUY
2020-09-29,2174.07080078125,BUY
2020-09-30,2177.47802734375,BUY
2020-10-01,2204.69287109375,BUY
2020-10-05,2364.010009765625,BUY
2020-10-06,2371.435546875,BUY
2020-10-07,2390.35107421875,BUY
2020-10-08,2468.763671875,BUY
2020-10-09,2457.625,BUY
2020-10-12,2472.5205078125,BUY
2020-10-13,2469.506591796875,BUY
2020-10-14,2465.163330078125,BUY
2020-10-15,2404.623046875,BUY
2020-10-16,2424.539794921875,BUY
2020-10-19,2379.1337890625,BUY
2020-10-20,2403.21826171875,BUY
2020-10-21,2347.415283203125,BUY
2020-10-22,2343.686279296875,BUY
2020-10-23,2357.417724609375,BUY
2020-10-26,2358.646240234375,BUY
2020-10-27,2307.712158203125,HOLD
2020-10-28,2300.7373046875,HOLD
2020-10-29,2309.906494140625,HOLD
2020-10-30,2338.158935546875,HOLD
2020-11-02,2285.295654296875,HOLD
2020-11-03,2310.73974609375,HOLD
2020-11-04,2327.89306640625,HOLD
2020-11-05,2356.453125,HOLD
2020-11-06,2375.536376953125,BUY
2020-11-09,2392.338623046875,BUY
2020-11-10,2324.779052734375,HOLD
2020-11-11,2358.29541015625,BUY
2020-11-12,2343.598876953125,HOLD
2020-11-13,2331.1396484375,HOLD
2020-11-14,2342.984375,BUY
2020-11-17,2339.211669921875,BUY
2020-11-18,2304.6416015625,HOLD
2020-11-19,2313.635498046875,HOLD
2020-11-20,2334.12255859375,BUY
2020-11-23,2390.27685546875,BUY
2020-11-24,2388.346435546875,BUY
2020-11-25,2370.139892578125,BUY
2020-11-26,2387.07421875,BUY
2020-11-27,2351.14404296875,BUY
2020-12-01,2392.513916015625,BUY
2020-12-02,2412.474853515625,BUY
2020-12-03,2377.291259765625,BUY
2020-12-04,2393.172119140625,BUY
2020-12-07,2402.077392578125,BUY
2020-12-08,2454.371826171875,BUY
2020-12-09,2466.21630859375,BUY
2020-12-10,2442.965087890625,BUY
2020-12-11,2442.35107421875,BUY
2020-12-14,2454.72216796875,BUY
2020-12-15,2423.004638671875,BUY
2020-12-16,2469.198974609375,BUY
2020-12-17,2490.257568359375,BUY
2020-12-18,2510.2626953125,BUY
2020-12-21,2474.420166015625,BUY
2020-12-22,2520.3525390625,BUY
2020-12-23,2552.158447265625,BUY
2020-12-24,2552.6845703125,BUY
2020-12-28,2570.27734375,BUY
2020-12-29,2571.24267578125,BUY
2020-12-30,2552.64111328125,BUY
2020-12-31,2511.797607421875,BUY
2021-01-01,2569.267578125,BUY
2021-01-04,2666.8359375,BUY
2021-01-05,2713.82080078125,BUY
2021-01-06,2677.408447265625,BUY
2021-01-07,2661.000732421875,BUY
2021-01-08,2738.30078125,BUY
2021-01-11,2787.0400390625,BUY
2021-01-12,2785.63623046875,BUY
2021-01-13,2771.685791015625,BUY
2021-01-14,2857.615234375,BUY
2021-01-15,2842.364013671875,BUY
2021-01-18,2832.166259765625,BUY
2021-01-19,2866.406005859375,BUY
2021-01-20,2908.689697265625,BUY
2021-01-21,2877.966064453125,BUY
2021-01-22,2903.67919921875,BUY
2021-01-25,2893.30615234375,BUY
2021-01-27,2866.71435546875,BUY
2021-01-28,2810.013427734375,BUY
2021-01-29,2735.115966796875,HOLD
2021-02-01,2759.730224609375,HOLD
2021-02-02,2816.07861328125,BUY
2021-02-03,2813.090576171875,BUY
2021-02-04,2802.892822265625,HOLD
2021-02-05,2776.081298828125,HOLD
2021-02-08,2825.44091796875,HOLD
2021-02-09,2792.73974609375,HOLD
2021-02-10,2824.738037109375,HOLD
2021-02-11,2818.3203125,HOLD
2021-02-12,2804.95849609375,HOLD
2021-02-15,2760.169189453125,HOLD
2021-02-16,2732.874755859375,HOLD
2021-02-17,2701.4912109375,HOLD
2021-02-18,2687.645751953125,HOLD
2021-02-19,2700.39208984375,HOLD
2021-02-22,2600.705078125,HOLD
2021-02-23,2619.824951171875,HOLD
2021-02-24,2591.60693359375,HOLD
2021-02-25,2633.099365234375,HOLD
2021-02-26,2544.312255859375,HOLD
2021-03-01,2570.5966796875,HOLD
2021-03-02,2642.81298828125,SELL
2021-03-03,2689.184326171875,SELL
2021-03-04,2680.92041015625,SELL
2021-03-05,2644.307861328125,SELL
2021-03-08,2643.34033203125,SELL
2021-03-09,2682.02001953125,HOLD
2021-03-10,2699.60205078125,HOLD
2021-03-12,2688.173095703125,HOLD
2021-03-15,2695.381591796875,HOLD
2021-03-16,2733.973388671875,HOLD
2021-03-17,2736.52197265625,HOLD
2021-03-18,2669.3173828125,HOLD
2021-03-19,2681.360107421875,HOLD
2021-03-22,2751.202880859375,HOLD
2021-03-23,2762.587158203125,HOLD
2021-03-24,2743.68701171875,HOLD
2021-03-25,2694.239501953125,HOLD
2021-03-26,2695.952880859375,HOLD
2021-03-30,2776.6083984375,HOLD
2021-03-31,2793.57421875,HOLD
2021-04-01,2782.278564453125,HOLD
2021-04-05,2847.242431640625,HOLD
2021-04-06,2869.922607421875,HOLD
2021-04-07,2875.812255859375,BUY
2021-04-08,2916.206298828125,BUY
2021-04-09,2920.51318359375,BUY
2021-04-12,2853.967529296875,BUY
2021-04-13,2728.698486328125,HOLD
2021-04-15,2829.70458984375,BUY
2021-04-16,2808.78271484375,BUY
2021-04-19,2779.465576171875,HOLD
2021-04-20,2764.30126953125,HOLD
2021-04-22,2741.66552734375,HOLD
2021-04-23,2733.489990234375,HOLD
2021-04-26,2725.842041015625,HOLD
2021-04-27,2753.269287109375,HOLD
2021-04-28,2746.324462890625,HOLD
2021-04-29,2738.544677734375,HOLD
2021-04-30,2668.570068359375,HOLD
2021-05-03,2669.7568359375,HOLD
2021-05-04,2680.96484375,HOLD
2021-05-05,2721.3583984375,HOLD
2021-05-06,2735.203369140625,HOLD
2021-05-07,2754.060302734375,HOLD
2021-05-10,2765.13623046875,BUY
2021-05-11,2745.005859375,HOLD
2021-05-12,2714.238037109375,HOLD
2021-05-14,2682.50341796875,HOLD
2021-05-17,2698.54638671875,SELL
2021-05-18,2715.29296875,SELL
2021-05-19,2709.31494140625,SELL
2021-05-20,2689.975341796875,SELL
2021-05-21,2707.996337890625,SELL
2021-05-24,2708.875732421875,SELL
2021-05-25,2750.835693359375,HOLD
2021-05-26,2790.145751953125,HOLD
2021-05-27,2809.138916015625,HOLD
2021-05-28,2776.983642578125,HOLD
2021-05-31,2790.720458984375,HOLD
2021-06-01,2785.28759765625,HOLD
2021-06-02,2764.483642578125,HOLD
2021-06-03,2774.90771484375,HOLD
2021-06-04,2777.116455078125,HOLD
2021-06-07,2811.96533203125,HOLD
2021-06-08,2826.93896484375,HOLD
2021-06-09,2827.02734375,HOLD
2021-06-10,2841.64697265625,HOLD
2021-06-11,2891.999755859375,BUY
2021-06-14,2894.2529296875,BUY
2021-06-15,2882.238037109375,BUY
2021-06-16,2892.485595703125,BUY
2021-06-17,2930.82421875,BUY
2021-06-18,2912.75927734375,BUY
2021-06-21,2891.38134765625,BUY
2021-06-22,2916.204345703125,BUY
2021-06-23,2881.045654296875,BUY
2021-06-24,2980.16015625,BUY
2021-06-25,2986.52099609375,BUY
2021-06-28,2947.6083984375,BUY
2021-06-29,2951.230224609375,BUY
2021-06-30,2955.55908203125,BUY
2021-07-01,2951.804443359375,BUY
2021-07-02,2937.625732421875,BUY
2021-07-05,2933.69482421875,BUY
2021-07-06,2881.84130859375,HOLD
2021-07-07,2893.015625,HOLD
2021-07-08,2878.48388671875,HOLD
2021-07-09,2834.005859375,HOLD
2021-07-12,2820.711181640625,HOLD
2021-07-13,2815.808349609375,HOLD
2021-07-14,2839.659912109375,HOLD
2021-07-15,2835.587158203125,HOLD
2021-07-16,2828.372314453125,HOLD
2021-07-19,2819.341796875,HOLD
2021-07-20,2838.110595703125,HOLD
2021-07-22,2847.45068359375,HOLD
2021-07-23,2844.35205078125,HOLD
2021-07-26,2830.806396484375,HOLD
2021-07-27,2817.880859375,HOLD
2021-07-28,2831.02783203125,HOLD
2021-07-29,2829.257568359375,HOLD
2021-07-30,2804.158935546875,SELL
2021-08-02,2850.150390625,HOLD
2021-08-03,2908.1376953125,HOLD
2021-08-04,2898.443603515625,HOLD
2021-08-05,2907.29638671875,HOLD
2021-08-06,2930.18212890625,HOLD
2021-08-09,2941.602294921875,HOLD
2021-08-10,2951.51806640625,HOLD
2021-08-11,2960.636962890625,HOLD
2021-08-12,2967.3203125,HOLD
2021-08-13,3066.16455078125,HOLD
2021-08-16,3074.619384765625,BUY
2021-08-17,3145.53271484375,BUY
2021-08-18,3152.17236328125,BUY
2021-08-20,3151.2421875,BUY
2021-08-23,3220.207763671875,BUY
2021-08-24,3198.783203125,BUY
2021-08-25,3239.330078125,BUY
2021-08-26,3250.706298828125,BUY
2021-08-27,3293.466064453125,BUY
2021-08-30,3276.779052734375,BUY
2021-08-31,3352.16259765625,BUY
2021-09-01,3288.863525390625,BUY
2021-09-02,3396.693359375,BUY
2021-09-03,3401.385498046875,BUY
2021-09-06,3410.194091796875,BUY
2021-09-07,3378.234619140625,BUY
2021-09-08,3341.273193359375,BUY
2021-09-09,3356.544677734375,BUY
2021-09-13,3404.30712890625,BUY
2021-09-14,3440.206298828125,BUY
2021-09-15,3500.982177734375,BUY
2021-09-16,3455.6103515625,BUY
2021-09-17,3388.814208984375,BUY
2021-09-20,3384.963134765625,BUY
2021-09-21,3419.88818359375,BUY
2021-09-22,3419.1806640625,BUY
2021-09-23,3425.4658203125,BUY
2021-09-24,3427.28076171875,BUY
2021-09-27,3396.8701171875,BUY
2021-09-28,3345.69921875,HOLD
2021-09-29,3356.98779296875,HOLD
2021-09-30,3342.5126953125,HOLD
2021-10-01,3302.36376953125,HOLD
2021-10-04,3340.521240234375,HOLD
2021-10-05,3393.638916015625,BUY
2021-10-06,3373.80859375,HOLD
2021-10-07,3446.4033203125,BUY
2021-10-08,3484.24951171875,BUY
2021-10-11,3262.879150390625,HOLD
2021-10-12,3233.885498046875,HOLD
2021-10-13,3235.966552734375,HOLD
2021-10-14,3203.368408203125,HOLD
2021-10-18,3235.03466796875,HOLD
2021-10-19,3223.50390625,HOLD
2021-10-20,3201.063232421875,HOLD
2021-10-21,3133.33935546875,HOLD
2021-10-22,3103.4921875,HOLD
2021-10-25,3098.2587890625,SELL
2021-10-26,3089.0791015625,SELL
2021-10-27,3095.421142578125,SELL
2021-10-28,3035.015869140625,SELL
2021-10-29,3013.81640625,SELL
2021-11-01,3083.5791015625,SELL
2021-11-02,3090.497802734375,SELL
2021-11-03,3097.637939453125,SELL
2021-11-04,3112.184814453125,SELL
2021-11-08,3106.95166015625,SELL
2021-11-09,3109.568359375,SELL
2021-11-10,3090.58642578125,SELL
2021-11-11,3094.045654296875,SELL
2021-11-12,3127.61865234375,HOLD
2021-11-15,3151.78955078125,HOLD
2021-11-16,3154.5390625,HOLD
2021-11-17,3123.93798828125,HOLD
2021-11-18,3082.958251953125,SELL
2021-11-22,3067.61328125,SELL
2021-11-23,3072.80224609375,SELL
2021-11-24,3054.218994140625,SELL
2021-11-25,3056.525634765625,SELL
2021-11-26,3057.3681640625,SELL
2021-11-29,3106.286376953125,HOLD
2021-11-30,3130.36865234375,HOLD
2021-12-01,3173.521484375,HOLD
2021-12-02,3231.264892578125,HOLD
2021-12-03,3229.092041015625,HOLD
2021-12-06,3136.79931640625,HOLD
2021-12-07,3179.46435546875,HOLD
2021-12-08,3217.07275390625,HOLD
2021-12-09,3194.76513671875,HOLD
2021-12-10,3225.854736328125,HOLD
2021-12-13,3201.772216796875,HOLD
2021-12-14,3214.3232421875,HOLD
2021-12-15,3166.9130859375,HOLD
2021-12-16,3176.891845703125,HOLD
2021-12-17,3179.331298828125,HOLD
2021-12-20,3154.98291015625,HOLD
2021-12-21,3200.5751953125,BUY
2021-12-22,3220.48779296875,BUY
2021-12-23,3248.827880859375,BUY
2021-12-24,3256.10107421875,BUY
2021-12-27,3278.453369140625,BUY
2021-12-28,3287.722900390625,BUY
2021-12-29,3277.211669921875,BUY
2021-12-30,3311.849365234375,BUY
2021-12-31,3315.93017578125,BUY
2022-01-03,3386.3583984375,BUY
2022-01-04,3445.787353515625,BUY
2022-01-05,3424.676513671875,BUY
2022-01-06,3377.221435546875,BUY
2022-01-07,3418.06787109375,BUY
2022-01-10,3441.4404296875,BUY
2022-01-11,3473.41748046875,BUY
2022-01-12,3423.744873046875,BUY
2022-01-13,3457.450927734375,BUY
2022-01-14,3519.763427734375,BUY
2022-01-17,3565.0,BUY
2022-01-18,3539.677001953125,BUY
2022-01-19,3478.40966796875,BUY
2022-01-20,3400.127197265625,HOLD
2022-01-21,3406.30322265625,HOLD
2022-01-24,3351.0791015625,HOLD
2022-01-25,3349.79052734375,HOLD
2022-01-27,3242.5849609375,HOLD
2022-01-28,3278.838623046875,HOLD
2022-01-31,3319.89013671875,HOLD
2022-02-01,3377.11376953125,HOLD
2022-02-02,3426.4736328125,BUY
2022-02-03,3398.394775390625,HOLD
2022-02-04,3389.775634765625,HOLD
2022-02-07,3357.876708984375,HOLD
2022-02-08,3326.288330078125,HOLD
2022-02-09,3341.482666015625,HOLD
2022-02-10,3350.1904296875,HOLD
2022-02-11,3283.192626953125,HOLD
2022-02-14,3317.6689453125,HOLD
2022-02-15,3392.352783203125,BUY
2022-02-16,3388.176025390625,BUY
2022-02-17,3362.4970703125,BUY
2022-02-18,3371.115966796875,BUY
2022-02-21,3304.91845703125,HOLD
2022-02-22,3186.739013671875,SELL
2022-02-23,3166.658203125,SELL
2022-02-24,3022.577392578125,SELL
2022-02-25,3128.405029296875,SELL
2022-02-28,3158.127685546875,SELL
2022-03-02,3150.974609375,SELL
2022-03-03,3149.419921875,SELL
2022-03-04,3131.603759765625,SELL
2022-03-07,3096.550537109375,SELL
2022-03-08,3198.779296875,SELL
2022-03-09,3227.79150390625,SELL
2022-03-10,3217.438720703125,SELL
2022-03-11,3198.068603515625,SELL
2022-03-14,3237.031982421875,HOLD
2022-03-15,3193.40380859375,SELL
2022-03-16,3248.49462890625,HOLD
2022-03-17,3263.466796875,HOLD
2022-03-21,3222.54833984375,HOLD
2022-03-22,3288.52392578125,HOLD
2022-03-23,3298.697998046875,HOLD
2022-03-24,3331.974853515625,HOLD
2022-03-25,3294.299560546875,HOLD
2022-03-28,3294.52197265625,HOLD
2022-03-29,3292.433837890625,HOLD
2022-03-30,3315.7138671875,HOLD
2022-03-31,3323.178466796875,HOLD
2022-04-01,3339.8828125,HOLD
2022-04-04,3350.1904296875,HOLD
2022-04-05,3389.68701171875,HOLD
2022-04-06,3336.862060546875,BUY
2022-04-07,3273.59619140625,HOLD
2022-04-08,3274.92919921875,HOLD
2022-04-11,3284.48046875,HOLD
2022-04-12,3279.77197265625,HOLD
2022-04-13,3253.870361328125,HOLD
2022-04-18,3134.8916015625,HOLD
2022-04-19,3084.99853515625,HOLD
2022-04-20,3160.438232421875,HOLD
2022-04-21,3224.28076171875,HOLD
2022-04-22,3209.97509765625,HOLD
2022-04-25,3152.796142578125,HOLD
2022-04-26,3151.108154296875,HOLD
2022-04-27,3164.347412109375,HOLD
2022-04-28,3184.87353515625,HOLD
2022-04-29,3151.463623046875,SELL
2022-05-02,3147.642822265625,SELL
2022-05-04,3091.97412109375,SELL
2022-05-05,3121.873779296875,SELL
2022-05-06,3050.078125,SELL
2022-05-09,3061.185791015625,SELL
2022-05-10,3055.543212890625,SELL
2022-05-11,3031.7744140625,SELL
2022-05-12,3028.79736328125,SELL
2022-05-13,3034.350830078125,SELL
2022-05-16,3000.496826171875,SELL
2022-05-17,3066.961181640625,SELL
2022-05-18,3064.4736328125,SELL
2022-05-19,2898.445556640625,SELL
2022-05-20,2926.03515625,SELL
2022-05-23,2951.5810546875,SELL
2022-05-24,2921.5927734375,SELL
2022-05-25,2833.613525390625,SELL
2022-05-26,2886.660400390625,SELL
2022-05-27,2917.38818359375,SELL
2022-05-30,3019.321533203125,HOLD
2022-05-31,3009.571533203125,HOLD
2022-06-01,3001.38623046875,HOLD
2022-06-02,3062.036376953125,HOLD
2022-06-03,3077.3779296875,HOLD
2022-06-06,3069.148193359375,HOLD
2022-06-07,3008.09521484375,HOLD
2022-06-08,3045.17431640625,HOLD
2022-06-09,3065.704345703125,HOLD
2022-06-10,3005.59033203125,HOLD
2022-06-13,2880.08544921875,SELL
2022-06-14,2871.989501953125,SELL
2022-06-15,2868.187744140625,SELL
2022-06-16,2810.668212890625,SELL
2022-06-17,2763.167724609375,SELL
2022-06-20,2784.189697265625,SELL
2022-06-21,2873.24169921875,SELL
2022-06-22,2883.08154296875,SELL
2022-06-23,2959.879150390625,HOLD
2022-06-24,2945.8349609375,SELL
2022-06-27,2965.156982421875,HOLD
2022-06-28,2968.242919921875,HOLD
2022-06-29,2943.508544921875,HOLD
2022-06-30,2922.576416015625,SELL
2022-07-01,2965.5146484375,HOLD
2022-07-04,2893.906005859375,SELL
2022-07-05,2877.133544921875,SELL
2022-07-06,2916.896240234375,HOLD
2022-07-07,2941.138427734375,HOLD
2022-07-08,2921.099853515625,HOLD
2022-07-11,2785.4423828125,SELL
2022-07-12,2759.4111328125,SELL
2022-07-13,2718.306396484375,SELL
2022-07-14,2689.60546875,SELL
2022-07-15,2685.883056640625,SELL
2022-07-18,2747.679931640625,SELL
2022-07-19,2757.322021484375,SELL
2022-07-20,2838.53662109375,SELL
2022-07-21,2849.74853515625,SELL
2022-07-22,2844.09814453125,SELL
2022-07-25,2840.285400390625,SELL
2022-07-26,2794.677734375,SELL
2022-07-27,2860.107666015625,HOLD
2022-07-28,2924.37109375,HOLD
2022-07-29,2961.503173828125,HOLD
2022-08-01,2958.72265625,HOLD
2022-08-02,2952.444580078125,HOLD
2022-08-03,2995.22705078125,HOLD
2022-08-04,3009.084228515625,HOLD
2022-08-05,3018.142822265625,HOLD
2022-08-08,3026.57373046875,HOLD
2022-08-10,3008.456787109375,HOLD
2022-08-11,3069.67041015625,HOLD
2022-08-12,3050.8798828125,BUY
2022-08-16,3042.942626953125,BUY
2022-08-17,3050.47705078125,BUY
2022-08-18,3032.6728515625,BUY
2022-08-19,3036.709228515625,BUY
2022-08-22,3008.7255859375,BUY
2022-08-23,2945.987060546875,HOLD
2022-08-24,2919.75244140625,HOLD
2022-08-25,2886.431640625,HOLD
2022-08-26,2890.01953125,HOLD
2022-08-29,2809.611328125,HOLD
2022-08-30,2880.108642578125,HOLD
2022-09-01,2808.849365234375,HOLD
2022-09-02,2807.68359375,HOLD
2022-09-05,2810.3740234375,HOLD
2022-09-06,2804.678955078125,HOLD
2022-09-07,2824.904296875,HOLD
2022-09-08,2842.88671875,HOLD
2022-09-09,2885.93896484375,HOLD
2022-09-12,2908.630615234375,HOLD
2022-09-13,2896.432861328125,HOLD
2022-09-14,2798.714111328125,HOLD
2022-09-15,2784.31884765625,SELL
2022-09-16,2698.529541015625,SELL
2022-09-19,2716.5576171875,SELL
2022-09-20,2726.8720703125,SELL
2022-09-21,2691.80322265625,SELL
2022-09-22,2697.36376953125,SELL
2022-09-23,2674.626953125,SELL
2022-09-26,2685.703857421875,SELL
2022-09-27,2706.377197265625,SELL
2022-09-28,2722.701171875,SELL
2022-09-29,2688.30517578125,SELL
2022-09-30,2694.807373046875,SELL
2022-10-03,2677.227783203125,SELL
2022-10-04,2772.480224609375,HOLD
2022-10-06,2782.166015625,HOLD
2022-10-07,2748.936279296875,HOLD
2022-10-10,2797.0546875,HOLD
2022-10-11,2753.10693359375,HOLD
2022-10-12,2781.09033203125,HOLD
2022-10-13,2783.377197265625,HOLD
2022-10-14,2779.65478515625,HOLD
2022-10-17,2798.179443359375,HOLD
2022-10-18,2827.80908203125,HOLD
2022-10-19,2807.261474609375,HOLD
2022-10-20,2839.13916015625,HOLD
2022-10-21,2821.244140625,HOLD
2022-10-24,2843.095458984375,HOLD
2022-10-25,2843.455322265625,HOLD
2022-10-27,2839.228759765625,HOLD
2022-10-28,2844.489501953125,HOLD
2022-10-31,2871.37646484375,HOLD
2022-11-01,2931.220458984375,HOLD
2022-11-02,2915.0341796875,BUY
2022-11-03,2883.60595703125,BUY
2022-11-04,2893.18310546875,BUY
2022-11-07,2907.840087890625,BUY
2022-11-09,2891.968994140625,BUY
2022-11-10,2882.61669921875,BUY
2022-11-11,2981.8017578125,BUY
2022-11-14,2999.38232421875,BUY
2022-11-15,2996.774169921875,BUY
2022-11-16,3017.231689453125,BUY
2022-11-17,3011.521484375,BUY
2022-11-18,3006.53076171875,BUY
2022-11-21,2952.6220703125,BUY
2022-11-22,2980.902587890625,BUY
2022-11-23,2974.923095703125,BUY
2022-11-24,3039.5322265625,BUY
2022-11-25,3048.07470703125,BUY
2022-11-28,3053.111083984375,BUY
2022-11-29,3054.999267578125,BUY
2022-11-30,3049.10888671875,BUY
2022-12-01,3125.408935546875,BUY
2022-12-02,3092.587158203125,BUY
2022-12-05,3080.67236328125,BUY
2022-12-06,3044.208984375,BUY
2022-12-07,3039.937255859375,BUY
2022-12-08,3012.915283203125,HOLD
2022-12-09,2960.93994140625,HOLD
2022-12-12,2955.2744140625,HOLD
2022-12-13,2996.32421875,HOLD
2022-12-14,3026.223876953125,BUY
2022-12-15,2972.045654296875,HOLD
2022-12-16,2913.730224609375,HOLD
2022-12-19,2879.37939453125,HOLD
2022-12-20,2917.0576171875,HOLD
2022-12-21,2939.1787109375,HOLD
2022-12-22,2931.220458984375,HOLD
2022-12-23,2903.029296875,HOLD
2022-12-26,2925.10546875,HOLD
2022-12-27,2931.04052734375,HOLD
2022-12-28,2928.882568359375,HOLD
2022-12-29,2939.358642578125,HOLD
2022-12-30,2928.522705078125,HOLD
2023-01-02,2932.7939453125,SELL
2023-01-03,2977.666015625,HOLD
2023-01-04,2980.632568359375,HOLD
2023-01-05,2977.441162109375,HOLD
2023-01-06,2887.922607421875,SELL
2023-01-09,2985.398681640625,HOLD
2023-01-10,2955.230224609375,HOLD
2023-01-11,2993.26708984375,HOLD
2023-01-12,2998.34814453125,HOLD
2023-01-13,3034.496826171875,HOLD
2023-01-16,3066.2255859375,HOLD
2023-01-17,3107.0126953125,HOLD
2023-01-18,3117.68115234375,HOLD
2023-01-19,3102.13916015625,HOLD
2023-01-20,3092.94189453125,HOLD
2023-01-23,3140.580810546875,BUY
2023-01-24,3160.26171875,BUY
2023-01-25,3154.23779296875,BUY
2023-01-27,3137.0400390625,BUY
2023-01-30,3157.82470703125,BUY
2023-01-31,3088.8955078125,BUY
2023-02-01,3134.556640625,BUY
2023-02-02,3182.42578125,BUY
2023-02-03,3202.56689453125,BUY
2023-02-06,3182.01220703125,BUY
2023-02-07,3193.599853515625,BUY
2023-02-08,3237.329833984375,BUY
2023-02-09,3256.413818359375,BUY
2023-02-10,3253.37841796875,BUY
2023-02-13,3202.65869140625,BUY
2023-02-14,3218.9365234375,BUY
2023-02-15,3237.836181640625,BUY
2023-02-16,3272.2314453125,BUY
2023-02-17,3219.90283203125,BUY
2023-02-20,3207.1650390625,BUY
2023-02-21,3173.78076171875,HOLD
2023-02-22,3128.302978515625,HOLD
2023-02-23,3139.569091796875,HOLD
2023-02-24,3127.2919921875,HOLD
2023-02-27,3064.202392578125,HOLD
2023-02-28,3046.72802734375,HOLD
2023-03-01,3113.7265625,HOLD
2023-03-02,3054.63720703125,HOLD
2023-03-03,3073.674560546875,HOLD
2023-03-06,3100.989013671875,HOLD
2023-03-08,3118.048583984375,HOLD
2023-03-09,3068.800537109375,HOLD
2023-03-10,3063.4208984375,HOLD
2023-03-13,3018.31103515625,HOLD
2023-03-14,2956.692626953125,HOLD
2023-03-15,2941.932373046875,HOLD
2023-03-16,2929.14892578125,SELL
2023-03-17,2923.90673828125,SELL
2023-03-20,2890.798583984375,SELL
2023-03-21,2856.5869140625,SELL
2023-03-22,2879.302734375,SELL
2023-03-23,2873.646484375,SELL
2023-03-24,2869.829345703125,SELL
2023-03-27,2871.485595703125,SELL
2023-03-28,2865.599609375,SELL
2023-03-29,2886.752197265625,SELL
2023-03-31,2948.369873046875,SELL
2023-04-03,2942.943603515625,SELL
2023-04-05,2979.546630859375,HOLD
2023-04-06,2961.98095703125,HOLD
2023-04-10,3001.250732421875,HOLD
2023-04-11,2955.63525390625,HOLD
2023-04-12,2981.248046875,HOLD
2023-04-13,2932.689453125,HOLD
2023-04-17,2887.3037109375,SELL
2023-04-18,2879.256591796875,SELL
2023-04-19,2841.41259765625,SELL
2023-04-20,2855.391357421875,SELL
2023-04-21,2906.9384765625,SELL
2023-04-24,2919.7685546875,HOLD
2023-04-25,2920.871826171875,HOLD
2023-04-26,2941.2421875,HOLD
2023-04-27,2931.862060546875,HOLD
2023-04-28,2960.647216796875,HOLD
2023-05-02,2960.784912109375,HOLD
2023-05-03,2924.45849609375,SELL
2023-05-04,2961.98095703125,HOLD
2023-05-05,2971.177490234375,HOLD
2023-05-08,2989.478759765625,HOLD
2023-05-09,3019.50634765625,HOLD
2023-05-10,3022.77099609375,HOLD
2023-05-11,3018.49462890625,HOLD
2023-05-12,3011.275146484375,HOLD
2023-05-15,2993.571533203125,HOLD
2023-05-16,2996.422607421875,HOLD
2023-05-17,2950.94482421875,SELL
2023-05-18,2942.8056640625,HOLD
2023-05-19,2963.958251953125,HOLD
2023-05-22,3033.715087890625,BUY
2023-05-23,3032.19775390625,BUY
2023-05-24,3037.991455078125,BUY
2023-05-25,3028.932861328125,BUY
2023-05-26,3061.489501953125,BUY
2023-05-29,3053.625732421875,BUY
2023-05-30,3049.809326171875,BUY
2023-05-31,3025.254150390625,BUY
2023-06-01,3056.982666015625,BUY
2023-06-02,3040.060791015625,BUY
2023-06-05,3024.701904296875,BUY
2023-06-06,2972.64892578125,HOLD
2023-06-07,3011.826904296875,HOLD
2023-06-08,2976.465576171875,HOLD
2023-06-09,2951.49658203125,HOLD
2023-06-12,2986.076416015625,HOLD
2023-06-13,2983.133056640625,HOLD
2023-06-14,2989.89306640625,HOLD
2023-06-15,2979.932861328125,HOLD
2023-06-16,2941.5751953125,HOLD
2023-06-19,2974.466064453125,HOLD
2023-06-20,2990.4951171875,HOLD
2023-06-21,3018.753173828125,BUY
2023-06-22,3000.5009765625,HOLD
2023-06-23,2979.979248046875,HOLD
2023-06-26,2955.241455078125,HOLD
2023-06-27,2962.375732421875,HOLD
2023-06-28,2979.145751953125,HOLD
2023-06-30,3059.566650390625,BUY
2023-07-03,3031.81787109375,HOLD
2023-07-04,3065.681396484375,HOLD
2023-07-05,3075.96533203125,HOLD
2023-07-06,3078.698974609375,HOLD
2023-07-07,3084.58203125,BUY
2023-07-10,3031.492919921875,BUY
2023-07-11,3031.909912109375,BUY
2023-07-12,3020.32861328125,BUY
2023-07-13,3095.0517578125,BUY
2023-07-14,3256.356689453125,BUY
2023-07-17,3235.09375,BUY
2023-07-18,3239.864990234375,BUY
2023-07-19,3215.034912109375,BUY
2023-07-20,3217.124755859375,BUY
2023-07-21,3128.877197265625,BUY
2023-07-24,3153.447509765625,BUY
2023-07-25,3157.53466796875,BUY
2023-07-26,3147.4560546875,BUY
2023-07-27,3155.4443359375,BUY
2023-07-28,3116.894287109375,HOLD
2023-07-31,3178.24951171875,BUY
2023-08-01,3206.67431640625,BUY
2023-08-02,3196.084716796875,BUY
2023-08-03,3158.278076171875,BUY
2023-08-04,3198.77880859375,BUY
2023-08-07,3236.399658203125,BUY
2023-08-08,3223.90576171875,BUY
2023-08-09,3216.3818359375,BUY
2023-08-10,3197.431640625,BUY
2023-08-11,3203.655517578125,BUY
2023-08-14,3204.630859375,BUY
2023-08-16,3212.572998046875,BUY
2023-08-17,3191.533203125,BUY
2023-08-18,3127.76318359375,HOLD
2023-08-21,3159.85693359375,HOLD
2023-08-22,3141.742919921875,HOLD
2023-08-23,3156.698486328125,HOLD
2023-08-24,3146.945068359375,HOLD
2023-08-25,3140.95361328125,HOLD
2023-08-28,3135.6123046875,HOLD
2023-08-29,3136.169677734375,HOLD
2023-08-30,3149.91796875,HOLD
2023-08-31,3118.1953125,HOLD
2023-09-01,3139.0029296875,HOLD
2023-09-04,3175.509521484375,BUY
2023-09-05,3185.58837890625,BUY
2023-09-06,3186.098876953125,BUY
2023-09-07,3209.64697265625,BUY
2023-09-08,3197.245849609375,BUY
2023-09-11,3233.24169921875,BUY
2023-09-12,3326.272705078125,BUY
2023-09-13,3314.2431640625,BUY
2023-09-14,3306.997802734375,BUY
2023-09-15,3342.528564453125,BUY
2023-09-18,3349.82080078125,BUY
2023-09-20,3349.72802734375,BUY
2023-09-21,3330.453125,BUY
2023-09-22,3347.498779296875,BUY
2023-09-25,3322.8818359375,BUY
2023-09-26,3330.82421875,BUY
2023-09-27,3334.16845703125,BUY
2023-09-28,3285.354248046875,BUY
2023-09-29,3277.783203125,BUY
2023-10-03,3264.081787109375,HOLD
2023-10-04,3286.282958984375,HOLD
2023-10-05,3334.215087890625,BUY
2023-10-06,3363.986572265625,BUY
2023-10-09,3379.73193359375,BUY
2023-10-10,3370.9541015625,BUY
2023-10-11,3353.303955078125,BUY
2023-10-12,3290.741455078125,HOLD
2023-10-13,3317.0302734375,HOLD
2023-10-16,3273.556884765625,HOLD
2023-10-17,3257.76513671875,HOLD
2023-10-18,3239.37255859375,HOLD
2023-10-19,3218.324462890625,HOLD
2023-10-20,3254.552978515625,HOLD
2023-10-23,3175.948974609375,HOLD
2023-10-25,3157.2763671875,HOLD
2023-10-26,3107.590087890625,HOLD
2023-10-27,3120.815185546875,HOLD
2023-10-30,3146.51953125,HOLD
2023-10-31,3137.392822265625,HOLD
2023-11-01,3101.9091796875,HOLD
2023-11-02,3129.336669921875,SELL
2023-11-03,3120.768310546875,SELL
2023-11-06,3148.1025390625,SELL
2023-11-07,3138.975830078125,SELL
2023-11-08,3149.31396484375,SELL
2023-11-09,3117.55517578125,SELL
2023-11-10,3104.516845703125,SELL
2023-11-13,3102.7470703125,SELL
2023-11-15,3170.501220703125,HOLD
2023-11-16,3257.62646484375,HOLD
2023-11-17,3261.910400390625,HOLD
2023-11-20,3277.882568359375,HOLD
2023-11-21,3269.128173828125,HOLD
2023-11-22,3287.7080078125,HOLD
2023-11-23,3267.31201171875,HOLD
2023-11-24,3219.6748046875,HOLD
2023-11-28,3231.828125,HOLD
2023-11-29,3272.4345703125,HOLD
2023-11-30,3248.080078125,HOLD
2023-12-01,3270.478515625,HOLD
2023-12-04,3271.22314453125,HOLD
2023-12-05,3289.058349609375,HOLD
2023-12-06,3356.5791015625,HOLD
2023-12-07,3366.6376953125,HOLD
2023-12-08,3377.627197265625,BUY
2023-12-11,3392.714599609375,BUY
2023-12-12,3419.909423828125,BUY
2023-12-13,3346.75390625,BUY
2023-12-14,3415.392333984375,BUY
2023-12-15,3595.8359375,BUY
2023-12-18,3594.15966796875,BUY
2023-12-19,3554.11279296875,BUY
2023-12-20,3520.445556640625,BUY
2023-12-21,3527.3837890625,BUY
2023-12-22,3561.37744140625,BUY
2023-12-26,3534.881103515625,BUY
2023-12-27,3549.455810546875,BUY
2023-12-28,3538.93212890625,BUY
2023-12-29,3532.87841796875,BUY
2024-01-01,3549.363037109375,BUY
2024-01-02,3523.378662109375,BUY
2024-01-03,3438.209228515625,HOLD
2024-01-04,3414.97314453125,HOLD
2024-01-05,3481.1904296875,HOLD
2024-01-08,3425.68359375,HOLD
2024-01-09,3436.48681640625,HOLD
2024-01-10,3458.046875,HOLD
2024-01-11,3479.00146484375,HOLD
2024-01-12,3616.138916015625,BUY
2024-01-15,3635.697021484375,BUY
2024-01-16,3596.11572265625,BUY
2024-01-17,3617.8154296875,BUY
2024-01-18,3634.5791015625,BUY
2024-01-19,3697.83447265625,BUY
2024-01-23,3618.30810546875,BUY
2024-01-24,3602.88134765625,BUY
2024-01-25,3573.340087890625,BUY
2024-01-29,3564.61865234375,BUY
2024-01-30,3564.196533203125,BUY
2024-01-31,3578.638671875,BUY
2024-02-01,3614.463134765625,BUY
2024-02-02,3719.638671875,BUY
2024-02-05,3726.203369140625,BUY
2024-02-06,3878.78515625,BUY
2024-02-07,3829.4560546875,BUY
2024-02-08,3877.003173828125,BUY
2024-02-09,3876.628173828125,BUY
2024-02-12,3864.43701171875,BUY
2024-02-13,3891.445556640625,BUY
2024-02-14,3845.11767578125,BUY
2024-02-15,3848.024658203125,BUY
2024-02-16,3871.563720703125,BUY
2024-02-19,3848.587158203125,BUY
2024-02-20,3779.986572265625,BUY
2024-02-21,3743.271240234375,HOLD
2024-02-22,3832.926025390625,BUY
2024-02-23,3800.10302734375,BUY
2024-02-26,3752.2275390625,HOLD
2024-02-27,3849.150390625,BUY
2024-02-28,3862.795654296875,BUY
2024-02-29,3840.428466796875,BUY
2024-03-01,3839.7255859375,BUY
2024-03-04,3826.923828125,HOLD
2024-03-05,3762.59033203125,HOLD
2024-03-06,3811.5439453125,HOLD
2024-03-07,3853.089111328125,BUY
2024-03-11,3865.98388671875,BUY
2024-03-12,3931.537109375,BUY
2024-03-13,3890.9765625,BUY
2024-03-14,3945.932373046875,BUY
2024-03-15,3956.857666015625,BUY
2024-03-18,3894.259033203125,BUY
2024-03-19,3729.9541015625,HOLD
2024-03-20,3723.95263671875,HOLD
2024-03-21,3725.874755859375,HOLD
2024-03-22,3667.68359375,HOLD
2024-03-26,3636.36083984375,HOLD
2024-03-27,3602.03759765625,HOLD
2024-03-28,3635.23583984375,HOLD
2024-04-01,3673.169921875,HOLD
2024-04-02,3642.269287109375,HOLD
2024-04-03,3701.8203125,HOLD
2024-04-04,3754.337646484375,HOLD
2024-04-05,3731.783447265625,SELL
2024-04-08,3725.5,SELL
2024-04-09,3701.11669921875,SELL
2024-04-10,3736.847412109375,SELL
2024-04-12,3752.5556640625,HOLD
2024-04-15,3696.099609375,SELL
2024-04-16,3631.95361328125,SELL
2024-04-18,3621.824951171875,SELL
2024-04-19,3588.25146484375,SELL
2024-04-22,3624.263427734375,SELL
2024-04-23,3633.73486328125,SELL
2024-04-24,3592.7998046875,SELL
2024-04-25,3612.634521484375,SELL
2024-04-26,3583.703369140625,SELL
2024-04-29,3629.514892578125,SELL
2024-04-30,3583.046630859375,SELL
2024-05-02,3623.04443359375,SELL
2024-05-03,3604.381591796875,SELL
2024-05-06,3677.20263671875,HOLD
2024-05-07,3731.501953125,HOLD
2024-05-08,3729.626220703125,HOLD
2024-05-09,3713.917724609375,HOLD
2024-05-10,3651.740966796875,HOLD
2024-05-13,3702.288818359375,HOLD
2024-05-14,3658.58740234375,HOLD
2024-05-15,3639.080810546875,SELL
2024-05-16,3684.94189453125,HOLD
2024-05-17,3621.7939453125,SELL
2024-05-21,3608.66357421875,SELL
2024-05-22,3619.810302734375,SELL
2024-05-23,3677.857177734375,HOLD
2024-05-24,3636.34130859375,SELL
2024-05-27,3634.02685546875,SELL
2024-05-28,3627.272705078125,SELL
2024-05-29,3593.02978515625,SELL
2024-05-30,3529.220947265625,SELL
2024-05-31,3467.677734375,SELL
2024-06-03,3497.811767578125,SELL
2024-06-04,3509.28857421875,SELL
2024-06-05,3538.997314453125,SELL
2024-06-06,3618.298583984375,HOLD
2024-06-07,3678.329833984375,HOLD
2024-06-10,3645.03173828125,HOLD
2024-06-11,3638.79736328125,HOLD
2024-06-12,3619.479736328125,HOLD
2024-06-13,3663.40478515625,HOLD
2024-06-14,3619.857421875,HOLD
2024-06-18,3603.84619140625,HOLD
2024-06-19,3591.187744140625,SELL
2024-06-20,3577.5380859375,SELL
2024-06-21,3599.737060546875,HOLD
2024-06-24,3605.451904296875,HOLD
2024-06-25,3625.903076171875,HOLD
2024-06-26,3642.339599609375,HOLD
2024-06-27,3716.3037109375,HOLD
2024-06-28,3687.965087890625,HOLD
2024-07-01,3757.914794921875,HOLD
2024-07-02,3794.944091796875,BUY
2024-07-03,3745.681396484375,BUY
2024-07-04,3798.29736328125,BUY
2024-07-05,3789.654296875,BUY
2024-07-08,3772.083984375,BUY
2024-07-09,3764.810546875,BUY
2024-07-10,3692.688232421875,BUY
2024-07-11,3706.4326171875,BUY
2024-07-12,3952.272216796875,BUY
2024-07-15,3938.3388671875,BUY
2024-07-16,3947.07666015625,BUY
2024-07-18,4076.583984375,BUY
2024-07-19,4073.601806640625,BUY
2024-07-22,4059.3525390625,BUY
2024-07-23,4073.555419921875,BUY
2024-07-24,4077.247802734375,BUY
2024-07-25,4092.6328125,BUY
2024-07-26,4154.50732421875,BUY
2024-07-29,4148.11669921875,BUY
2024-07-30,4133.20458984375,BUY
2024-07-31,4152.140625,BUY
2024-08-01,4163.265625,BUY
2024-08-02,4055.281005859375,BUY
2024-08-05,3934.08740234375,HOLD
2024-08-06,3949.379150390625,HOLD
2024-08-07,3977.07373046875,HOLD
2024-08-08,3950.657470703125,HOLD
2024-08-09,4003.868896484375,HOLD
2024-08-12,3972.52880859375,HOLD
2024-08-13,3973.76025390625,HOLD
2024-08-14,4066.83203125,BUY
2024-08-16,4181.20751953125,BUY
2024-08-19,4251.2255859375,BUY
2024-08-20,4282.7548828125,BUY
2024-08-21,4309.455078125,BUY
2024-08-22,4262.587890625,BUY
2024-08-23,4226.51318359375,BUY
2024-08-26,4263.01416015625,BUY
2024-08-27,4257.9951171875,BUY
2024-08-28,4266.42236328125,BUY
2024-08-29,4271.86669921875,BUY
2024-08-30,4311.5849609375,BUY
2024-09-02,4280.62451171875,BUY
2024-09-03,4272.38720703125,BUY
2024-09-04,4241.046875,BUY
2024-09-05,4237.9228515625,BUY
2024-09-06,4219.7431640625,BUY
2024-09-09,4212.92626953125,HOLD
2024-09-10,4268.1259765625,BUY
2024-09-11,4241.142578125,HOLD
2024-09-12,4277.45263671875,BUY
2024-09-13,4282.091796875,BUY
2024-09-16,4273.2392578125,BUY
2024-09-17,4266.04296875,BUY
2024-09-18,4115.025390625,HOLD
2024-09-19,4067.684814453125,HOLD
2024-09-20,4057.033203125,HOLD
2024-09-23,4041.504638671875,HOLD
2024-09-24,4044.15576171875,HOLD
2024-09-25,4047.4228515625,HOLD
2024-09-26,4064.228759765625,HOLD
2024-09-27,4079.567626953125,HOLD
2024-09-30,4041.504638671875,HOLD
2024-10-01,4059.872802734375,HOLD
2024-10-03,4007.656005859375,SELL
2024-10-04,4026.11865234375,SELL
2024-10-07,4045.623779296875,SELL
2024-10-08,4027.066162109375,SELL
2024-10-09,4026.7822265625,SELL
2024-10-10,4002.590087890625,SELL
2024-10-11,3928.54931640625,SELL
2024-10-14,3916.666015625,SELL
2024-10-15,3897.871826171875,SELL
2024-10-16,3877.18408203125,SELL
2024-10-17,3890.487060546875,SELL
2024-10-18,3913.3134765625,SELL
2024-10-21,3872.31103515625,SELL
2024-10-22,3811.234130859375,SELL
2024-10-23,3859.402587890625,SELL
2024-10-24,3841.986083984375,SELL
2024-10-25,3851.1455078125,SELL
2024-10-28,3882.751220703125,SELL
2024-10-29,3867.944580078125,SELL
2024-10-30,3876.866455078125,SELL
2024-10-31,3766.57763671875,SELL
2024-11-01,3781.52685546875,SELL
2024-11-04,3762.496337890625,SELL
2024-11-05,3769.330322265625,SELL
2024-11-06,3929.069091796875,HOLD
2024-11-07,3939.746826171875,HOLD
2024-11-08,3936.045166015625,HOLD
2024-11-11,3985.115234375,HOLD
2024-11-12,3983.881103515625,HOLD
2024-11-13,3939.224853515625,HOLD
2024-11-14,3935.00048828125,HOLD
2024-11-18,3815.031005859375,SELL
2024-11-19,3834.060791015625,SELL
2024-11-21,3865.6669921875,SELL
2024-11-22,4028.680419921875,HOLD
2024-11-25,4095.593994140625,HOLD
2024-11-26,4131.28125,HOLD
2024-11-27,4112.15576171875,HOLD
2024-11-28,4028.96484375,HOLD
2024-11-29,4053.59521484375,HOLD
2024-12-02,4059.099853515625,HOLD
2024-12-03,4083.87255859375,BUY
2024-12-04,4132.89404296875,BUY
2024-12-05,4236.966796875,BUY
2024-12-06,4219.36083984375,BUY
2024-12-09,4225.67236328125,BUY
2024-12-10,4207.0693359375,BUY
2024-12-11,4202.22900390625,BUY
2024-12-12,4228.330078125,BUY
2024-12-13,4246.3154296875,BUY
2024-12-16,4190.6025390625,BUY
2024-12-17,4108.3125,HOLD
2024-12-18,4126.677734375,HOLD
2024-12-19,4054.591064453125,HOLD
2024-12-20,3958.159423828125,HOLD
2024-12-23,3946.76953125,HOLD
2024-12-24,3966.89208984375,HOLD
2024-12-26,3957.021240234375,HOLD
2024-12-27,3952.987060546875,HOLD
2024-12-30,3947.24462890625,HOLD
2024-12-31,3886.50048828125,HOLD
2025-01-01,3903.252685546875,HOLD
2025-01-02,3963.332763671875,HOLD
2025-01-03,3891.3408203125,HOLD
2025-01-06,3886.690185546875,HOLD
2025-01-07,3823.383056640625,HOLD
2025-01-08,3899.408447265625,HOLD
2025-01-09,3833.396728515625,SELL
2025-01-10,4048.659423828125,HOLD
2025-01-13,4072.815185546875,HOLD
2025-01-14,4017.7177734375,HOLD
2025-01-15,4033.42578125,HOLD
2025-01-16,3992.328369140625,HOLD
2025-01-17,3986.52880859375,HOLD
2025-01-20,3941.582275390625,SELL
2025-01-21,3901.03369140625,SELL
2025-01-22,4017.75,HOLD
2025-01-23,4006.972412109375,HOLD
2025-01-24,4013.642333984375,HOLD
2025-01-27,3929.354736328125,SELL
2025-01-28,3905.3349609375,SELL
2025-01-29,3962.84716796875,HOLD
2025-01-30,3963.0888671875,HOLD
2025-01-31,3975.0263671875,HOLD
2025-02-01,3937.087646484375,SELL
2025-02-03,3932.738037109375,SELL
2025-02-04,3969.855224609375,SELL
2025-02-05,3954.43798828125,SELL
2025-02-06,3946.366943359375,SELL
2025-02-07,3894.798828125,SELL
2025-02-10,3902.096923828125,SELL
2025-02-11,3831.14892578125,SELL
2025-02-12,3818.1962890625,SELL
2025-02-13,3779.53271484375,SELL
2025-02-14,3803.4072265625,SELL
2025-02-17,3774.0712890625,SELL
2025-02-18,3743.817138671875,SELL
2025-02-19,3657.693359375,SELL
2025-02-20,3653.150146484375,SELL
2025-02-21,3659.52978515625,SELL
2025-02-24,3552.81787109375,SELL
2025-02-25,3508.30615234375,SELL
2025-02-27,3491.873779296875,SELL
2025-02-28,3366.89306640625,SELL
2025-03-03,3376.36572265625,SELL
2025-03-04,3414.06298828125,SELL
2025-03-05,3428.56201171875,SELL
2025-03-06,3481.28955078125,SELL
2025-03-07,3490.56884765625,SELL
2025-03-10,3469.73876953125,SELL
2025-03-11,3455.868408203125,SELL
2025-03-12,3389.076416015625,SELL
2025-03-13,3393.764404296875,SELL
2025-03-17,3380.8603515625,SELL
2025-03-18,3380.8603515625,SELL
2025-03-19,3380.2802734375,SELL
2025-03-20,3444.123779296875,SELL
2025-03-21,3458.57470703125,SELL
2025-03-24,3507.725830078125,HOLD
2025-03-25,3535.56396484375,HOLD
2025-03-26,3514.346923828125,HOLD
2025-03-27,3529.232666015625,HOLD
2025-03-28,3485.687255859375,HOLD
2025-04-01,3432.186279296875,SELL
2025-04-02,3425.5654296875,SELL
2025-04-03,3289.46875,SELL
2025-04-04,3189.1845703125,SELL
2025-04-07,3164.681396484375,SELL
2025-04-08,3182.949951171875,SELL
2025-04-09,3138.148193359375,SELL
2025-04-11,3123.552490234375,SELL
2025-04-15,3139.69482421875,SELL
2025-04-16,3164.439697265625,SELL
2025-04-17,3188.701171875,SELL
2025-04-21,3210.642822265625,SELL
2025-04-22,3203.683349609375,SELL
2025-04-23,3298.98974609375,SELL
2025-04-24,3287.970703125,SELL
2025-04-25,3332.820556640625,HOLD
2025-04-28,3328.470703125,HOLD
2025-04-29,3356.502197265625,HOLD
2025-04-30,3338.330078125,HOLD
2025-05-02,3316.388427734375,HOLD
2025-05-05,3338.91015625,HOLD
2025-05-06,3344.419677734375,HOLD
2025-05-07,3330.017333984375,HOLD
2025-05-08,3333.6904296875,HOLD
2025-05-09,3325.377685546875,HOLD
2025-05-12,3499.461669921875,HOLD
2025-05-13,3397.58251953125,HOLD
2025-05-14,3430.15673828125,HOLD
2025-05-15,3460.314697265625,HOLD
2025-05-16,3442.335693359375,HOLD
2025-05-19,3401.255615234375,HOLD
2025-05-20,3381.4404296875,HOLD
2025-05-21,3408.021728515625,BUY
2025-05-22,3360.8515625,HOLD
2025-05-23,3397.19580078125,BUY
2025-05-26,3419.137451171875,BUY
2025-05-27,3381.8271484375,HOLD
2025-05-28,3380.8603515625,HOLD
2025-05-29,3381.2470703125,HOLD
2025-05-30,3347.706298828125,HOLD
2025-06-02,3334.560546875,HOLD
2025-06-03,3291.449951171875,HOLD
2025-06-04,3297.008544921875,HOLD
2025-06-05,3287.451904296875,HOLD
2025-06-06,3300.226806640625,HOLD
2025-06-09,3336.991455078125,HOLD
2025-06-10,3376.97412109375,BUY
2025-06-11,3385.750732421875,BUY
2025-06-12,3348.986083984375,HOLD
2025-06-13,3360.200927734375,BUY
2025-06-16,3409.54541015625,BUY
2025-06-17,3428.073974609375,BUY
2025-06-18,3365.75927734375,BUY
2025-06-19,3339.039306640625,HOLD
2025-06-20,3350.44873046875,HOLD
2025-06-23,3309.393798828125,HOLD
2025-06-24,3306.27294921875,HOLD
2025-06-25,3359.3232421875,BUY
2025-06-26,3356.397705078125,HOLD
2025-06-27,3355.71533203125,HOLD
2025-06-30,3376.096435546875,HOLD
2025-07-01,3344.597900390625,SELL
2025-07-02,3338.356689453125,SELL
2025-07-03,3316.4150390625,SELL
2025-07-04,3334.943603515625,SELL
2025-07-07,3327.044677734375,SELL
2025-07-08,3321.68115234375,SELL
2025-07-09,3299.836669921875,SELL
2025-07-10,3298.081298828125,SELL
2025-07-11,3184.959716796875,SELL
2025-07-14,3142.734130859375,SELL
2025-07-15,3171.599609375,SELL
2025-07-16,3163.576171875,SELL
2025-07-17,3140.18994140625,SELL
2025-07-18,3121.304931640625,SELL
2025-07-21,3090.286865234375,SELL
2025-07-22,3091.65673828125,SELL
2025-07-23,3110.7373046875,SELL
2025-07-24,3080.30615234375,SELL
2025-07-25,3068.368408203125,SELL
2025-07-28,3013.08349609375,SELL
2025-07-29,2990.284423828125,SELL
2025-07-30,2987.93603515625,SELL
2025-07-31,2971.497314453125,SELL
2025-08-01,2938.424072265625,SELL
2025-08-04,3008.28857421875,SELL
2025-08-05,2998.014404296875,SELL
2025-08-06,2967.093994140625,SELL
2025-08-07,2981.47802734375,SELL
2025-08-08,2971.105712890625,SELL
2025-08-11,2975.4111328125,SELL
2025-08-12,2970.127197265625,SELL
2025-08-13,2970.91015625,SELL
2025-08-14,2957.30908203125,SELL
2025-08-18,2946.44775390625,SELL
2025-08-19,2951.340087890625,SELL
2025-08-20,3031.96826171875,HOLD
2025-08-21,3035.882568359375,HOLD
2025-08-22,2988.327392578125,HOLD
2025-08-25,3073.0654296875,HOLD
2025-08-26,3089.30810546875,HOLD
2025-08-28,3027.173828125,HOLD
2025-08-29,3018.3671875,HOLD
2025-09-01,3045.667236328125,HOLD
2025-09-02,3044.591064453125,HOLD
2025-09-03,3030.89208984375,HOLD
2025-09-04,3029.130615234375,HOLD
2025-09-05,2982.75,SELL
2025-09-08,2954.079833984375,SELL
2025-09-09,2983.826171875,SELL
2025-09-10,3043.123291015625,HOLD
2025-09-11,3057.017822265625,HOLD
2025-09-12,3066.019775390625,HOLD
2025-09-15,3044.982421875,HOLD
2025-09-16,3078.055419921875,HOLD
2025-09-17,3104.57275390625,HOLD
2025-09-18,3108.388916015625,HOLD
2025-09-19,3101.050048828125,HOLD
2025-09-22,3007.70166015625,HOLD
2025-09-23,2996.546875,HOLD
2025-09-24,2970.127197265625,HOLD
2025-09-25,2893.804443359375,HOLD
2025-09-26,2836.758544921875,HOLD
2025-09-29,2833.82275390625,SELL
2025-09-30,2826.288330078125,SELL
2025-10-01,2851.53369140625,SELL
2025-10-03,2839.498046875,SELL
2025-10-06,2924.137939453125,SELL
2025-10-07,2909.75390625,SELL
2025-10-08,2962.103759765625,SELL
2025-10-09,2995.86181640625,HOLD
2025-10-10,2963.179931640625,SELL
2025-10-13,2942.53369140625,SELL
2025-10-14,2896.642333984375,SELL
2025-10-15,2916.7763671875,SELL
2025-10-16,2917.66015625,SELL
2025-10-17,2909.311767578125,SELL
2025-10-20,2961.365478515625,HOLD
2025-10-21,2953.017333984375,HOLD
2025-10-23,3018.330078125,HOLD
2025-10-24,3008.508544921875,HOLD
2025-10-27,3029.821044921875,HOLD
2025-10-28,3003.30322265625,HOLD
2025-10-29,3003.0087890625,HOLD
2025-10-30,2981.106689453125,HOLD
2025-10-31,3003.4013671875,HOLD
2025-11-03,2962.93701171875,SELL
2025-11-04,2936.81201171875,SELL
2025-11-06,2957.142333984375,SELL
2025-11-07,2938.383544921875,SELL
2025-11-10,2971.18701171875,HOLD
2025-11-11,2992.597900390625,HOLD
2025-11-12,3075.8837890625,HOLD
2025-11-13,3050.249755859375,BUY
2025-11-14,3050.54443359375,BUY
2025-11-17,3046.812255859375,BUY
2025-11-18,3031.98193359375,BUY
2025-11-19,3091.499755859375,BUY
2025-11-20,3088.65185546875,BUY
2025-11-21,3094.34814453125,BUY
2025-11-24,3085.115966796875,BUY
2025-11-25,3063.5087890625,BUY
2025-11-26,3106.428466796875,BUY
2025-11-27,3080.59814453125,BUY
2025-11-28,3081.48193359375,BUY
2025-12-01,3077.455078125,BUY
2025-12-02,3079.714111328125,BUY
2025-12-03,3123.22314453125,BUY
2025-12-04,3171.544677734375,BUY
2025-12-05,3180.384033203125,BUY
2025-12-08,3178.71435546875,BUY
2025-12-09,3151.01806640625,BUY
2025-12-10,3132.259033203125,BUY
2025-12-11,3134.91064453125,BUY
2025-12-12,3163.0,BUY
2025-12-15,3172.52685546875,BUY
2025-12-16,3147.875244140625,BUY
2025-12-17,3160.348388671875,BUY
2025-12-18,3222.2236328125,BUY
2025-12-19,3223.402099609375,BUY
2025-12-22,3265.5361328125,BUY
2025-12-23,3250.902099609375,BUY
2025-12-24,3259.741455078125,BUY
2025-12-26,3221.437744140625,BUY
2025-12-29,3193.446533203125,BUY
2025-12-30,3188.83056640625,BUY
2025-12-31,3148.955322265625,HOLD
2026-01-01,3169.77685546875,HOLD
2026-01-02,3192.660888671875,BUY
2026-01-05,3158.6787109375,HOLD
2026-01-06,3197.669921875,BUY
2026-01-07,3236.75927734375,BUY
2026-01-08,3146.6962890625,HOLD
2026-01-09,3150.52685546875,HOLD
2026-01-12,3181.75927734375,HOLD
2026-01-13,3209.652099609375,BUY
2026-01-14,3135.5,HOLD
2026-01-15,3135.5,HOLD
2026-01-16,3206.699951171875,BUY
2026-01-19,3163.60009765625,HOLD
2026-01-20,3102.300048828125,HOLD
2026-01-21,3122.60009765625,HOLD
2026-01-22,3150.39990234375,HOLD
2026-01-23,3162.5,HOLD
2026-01-27,3158.0,HOLD
2026-01-28,3200.10009765625,BUY
2026-01-29,3144.39990234375,HOLD
